﻿Designator,Footprint,Quantity,Value,LCSC Part #
C1,0805,1,100nF,
"C2, C3",0805,2,100n,
"D2, D3",SolderWire-0.1sqmm_1x02_P3.6mm_D0.4mm_OD1mm_Relief,2,LED,
J1,SolderWire-0.1sqmm_1x02_P3.6mm_D0.4mm_OD1mm_Relief,1,Conn_01x02_Pin,
J4,PinHeader_1x10_P2.54mm_Horizontal,1,Conn_01x10_Socket,
R1,0805,1,2.2k,C17633
"R3, R5, R8",0805,3,1k,C17470
"R4, R6, R9",0805,3,10k,
R7,0805,1,220R,C17633
SW1,SolderWire-0.1sqmm_1x02_P3.6mm_D0.4mm_OD1mm_Relief,1,SPDT,
"SW3, SW5",SolderWire-0.1sqmm_1x02_P3.6mm_D0.4mm_OD1mm_Relief,2,RESET,
"SW4, SW6, SW7",SolderWire-0.1sqmm_1x02_P3.6mm_D0.4mm_OD1mm_Relief,3,EXT,
