﻿Designator,Footprint,Quantity,Value,LCSC Part #
"C1, C11, C12, C15, C16, C17, C18, C40, C42, C6, C7, C9",0805,12,100n,
"C10, C13, C14, C4",0805,4,22u,
"C20, C43",0805,2,1u,
C21,0805,1,47n,
"C22, C24, C26, C36, C8",0805,5,10u,
C23,0805,1,4.7u,
C25,1210,1,47u,
"C44, C45",0805,2,18p,
"D10, D11, D2, D3, D4, D5, D6, D7, D8",0805,9,LED,
J2,JST_PH_S2B-PH-K_1x02_P2.00mm_Horizontal,1,Conn_01x02_Pin,
"J4, J5",PinSocket_1x10_P2.54mm_Horizontal,2,01x10,
J6,HRO_TYPE-C-31-M-12,1,USB_TypeC,
J7,SolderWire-0.1sqmm_1x02_P3.6mm_D0.4mm_OD1mm,1,Conn_01x02_Pin,
J9,GCT_FFC2B28-12-G,1,FFC2B28-12-G,
"JP6, JP7, JP8",SolderJumper-2_P1.3mm_Open_RoundedPad1.0x1.5mm,3,Jumper_2_Small_Open,
"L1, L3",1008,2,2.2u,
L2,L_Vishay_IHLP-1212,1,1.5u,
Q1,SOT-23-3,1,SI2393DS,
"R10, R11",0805,2,15R,
"R12, R13, R14, R19, R23, R41, R42, R43, R44, R45, R46, R8, R9",0805,13,10k,
"R15, R16, R18, R20, R21, R25",0805,6,2.2k,C17633
R17,0805,1,2.2k,
"R22, R26",0805,2,10k,C17633
R24,0805,1,RLIM,
"R27, R28",0805,2,220R,C17633
R29,0805,1,5.23k,C17633
R30,0805,1,30.1k,C17633
R6,0805,1,100k,
R7,0805,1,45k,
SW1,SW_SPST_EVQPE1,1,RESET,
SW2,SW_SPST_EVQPE1,1,BOOT,
SW3,SW_SPST_EVQPE1,1,SHIP-MODE,
SW5,SW_SPST_EVQPE1,1,RST,
TH1,0805,1,10k NTC,
"TP1, TP10, TP12, TP14, TP15, TP16, TP17, TP19, TP2, TP21, TP3, TP4, TP5, TP6, TP8, TP9",TestPoint_Pad_D1.0mm,16,TestPoint,
U12,SOT-23-5,1,24CW1280T-I/OT,
U15,LGA-28_5.2x3.8mm_P0.5mm,1,BNO055,
U2,SOT-23-5,1,TPS613222ADBV,
U3,SOT-563,1,TPS565242DRLR,XXXX
U4,TSOT-23-6_HandSoldering,1,USBLC6-2SC6,
U5,ESP32-S3-WROOM-1,1,ESP32-S3-WROOM-1,
U6,WQFN-14-1EP_2.5x2.5mm_P0.5mm_EP1.45x1.45mm,1,FUSB302B11MPX,
U7,Texas_RTW_WQFN-24-1EP_4x4mm_P0.5mm_EP2.7x2.7mm_ThermalVias,1,BQ25895RTW,
U8,KTS1605EUB1TR,1,KTS1605EUB-1-TR,
Y1,CM8V32768TA020125,1,32.768k,
