﻿Designator,Footprint,Quantity,Value,LCSC Part #
"C1, C3",0402,2,120p,
C2,0402,1,1n,
"C4, C6",0402,2,56n,
"C5, C8",0805,2,100n,
C7,0402,1,10n,
D1,0805,1,BLUE,
D2,0805,1,GREEN,
FL1,FIL_B39162B4327P810,1,B39162B4327P810,
J3,PinHeader_1x10_P2.54mm_Horizontal,1,01x10,
J4,636101112001,1,636101112001,
L1,0402,1,5.6n,
L2,0402,1,27nH,
Q1,SOT-23,1,MMBT3904,
"R1, R2, R3",0805,3,1k,
R4,0402,1,10k,
"R5, R6",0805,2,10k,
SW1,SW_SPST_B3U-1000P,1,GNSS_RST,
"TP1, TP2, TP3, TP4",TestPoint_Pad_D1.0mm,4,TestPoint,
U1,AMP_BGA725L6E6327FTSA1,1,BGA725L6E6327FTSA1,
U2,ARRAY_LIV3R_STM,1,TESEO-LIV3R,
