﻿Designator,Footprint,Quantity,Value,LCSC Part #
"C1, C13, C15, C19, C20, C23, C24, C27, C28, C3, C4, C6",0805,12,100n,
"C10, C12, C14, C2, C8",0805,5,10u,
C11,1210,1,47u,
"C16, C5",0805,2,1u,
"C17, C18",0805,2,18p,
"C21, C22, C25, C26",0805,4,22u,
C7,0805,1,47n,
C9,0805,1,4.7u,
"D1, D2, D3, D4, D5, D6, D7, D8, D9",0805,9,LED,
J1,JST_PH_S2B-PH-K_1x02_P2.00mm_Horizontal,1,Conn_01x02_Pin,
J2,HRO_TYPE-C-31-M-12,1,USB_TypeC,
"J3, J4",PinSocket_1x10_P2.54mm_Horizontal,2,01x10,
J5,SolderWire-0.1sqmm_1x02_P3.6mm_D0.4mm_OD1mm,1,Conn_01x02_Pin,
J6,GCT_FFC2B28-12-G,1,FFC2B28-12-G,
"JP1, JP2, JP3",SolderJumper-2_P1.3mm_Open_RoundedPad1.0x1.5mm,3,Jumper_2_Small_Open,
"L1, L2",1008,2,2.2u,
L3,L_Vishay_IHLP-1212,1,1.5u,
Q1,SOT-23-3,1,SI2393DS,
R1,0805,1,100k,
"R10, R13, R14, R15, R16, R18, R19, R24, R30, R4, R5, R6, R7",0805,13,10k,
R11,0805,1,5.23k,C17633
R12,0805,1,30.1k,C17633
R17,0805,1,45k,
"R2, R3",0805,2,15R,
"R20, R21, R22, R23, R25, R29",0805,6,2.2k,C17633
"R26, R27",0805,2,220R,C17633
"R28, R31",0805,2,10k,C17633
R8,0805,1,RLIM,
R9,0805,1,2.2k,
SW1,SW_SPST_EVQPE1,1,SHIP-MODE,
SW2,SW_SPST_EVQPE1,1,RST,
SW3,SW_SPST_EVQPE1,1,RESET,
SW4,SW_SPST_EVQPE1,1,BOOT,
TH1,0805,1,10k NTC,
"TP1, TP10, TP11, TP12, TP13, TP14, TP2, TP3, TP4, TP5, TP6, TP7, TP8, TP9",TestPoint_Pad_D1.0mm,14,TestPoint,
U1,TSOT-23-6_HandSoldering,1,USBLC6-2SC6,
U2,ESP32-S3-WROOM-1,1,ESP32-S3-WROOM-1,
U3,Texas_RTW_WQFN-24-1EP_4x4mm_P0.5mm_EP2.7x2.7mm_ThermalVias,1,BQ25895RTW,
U4,WQFN-14-1EP_2.5x2.5mm_P0.5mm_EP1.45x1.45mm,1,FUSB302B11MPX,
U5,LGA-28_5.2x3.8mm_P0.5mm,1,BNO055,
U6,KTS1605EUB1TR,1,KTS1605EUB-1-TR,
U7,SOT-23-5,1,TPS613222ADBV,
U8,SOT-563,1,TPS565242DRLR,XXXX
U9,SOT-23-5,1,24CW1280T-I/OT,
Y1,CM8V32768TA020125,1,32.768k,
